,Kịch bản,Khách kỳ vọng tác động,Giá trị CLV kỳ vọng (VNĐ),Chi phí bỏ ra (VNĐ),Lợi ích ròng (VNĐ),ROI (%)
0,Bi quan,2766.5199999999995,44489685.86276652,30000000,14489685.86276652,48.298952875888396
1,Cơ sở,4748.1,75386126.36142461,30000000,45386126.36142461,151.28708787141537
2,Lạc quan,7475.32,119235931.46143831,30000000,89235931.46143831,297.45310487146105
