,Channel,sessions,session_share_pct,total_orders,success_orders,cancelled_orders,Avg_Conversion_Rate
1,social_media,15816226,17.29446390317198,129710,117866,11844,7.4522202704994225
2,direct,6571549,7.1857481657397875,51951,47129,4822,7.171672919124548
3,paid_search,19598271,21.42999160318538,141652,128759,12893,6.569916295167059
4,referral,9476845,10.36258294288763,64565,58537,6028,6.176844719946353
5,organic_search,27196976,29.73889723802851,181495,164752,16743,6.057732300826386
6,email_campaign,12792670,13.988316146986715,77572,70440,7132,5.506278204628119
