,Target_Group,So_khach,Tong_CLV,CLV_binh_quan,sort_order
0,Champions + Loyal Customers,29464,860353406.8161571,29200.156354064522,0
1,Potential Loyalist,8234,74198995.40882449,9011.294074426098,1
2,At Risk + Customers Needing Attention,10199,106193033.54646543,10412.102514605886,2
