,Channel,Customer_Count,Avg_NMV_Historical,Avg_CL_12m,Total_CLV_Predict,traffic_source,Avg_Bounce_Rate,Avg_Session_Duration,sessions,session_share_pct,total_orders,success_orders,cancelled_orders,Avg_Conversion_Rate,cancel_rate_pct,success_share_pct
0,referral,8770,158340.60591334093,12921.563866015984,113322115.10496017,referral,0.0044988,207.55866666666665,9476845,10.36258294288763,64565,58537,6028,6.176844719946353,9.336327731743205,9.96403300180601
1,direct,6930,157176.3848051948,12843.726568696435,89007025.12106629,direct,0.004510639097744361,207.6781954887218,6571549,7.1857481657397875,51951,47129,4822,7.171672919124548,9.281823256530192,8.022189578251627
2,paid_search,19117,156900.86492912067,12765.27667289041,244033794.15564597,paid_search,0.004477767857142857,209.36211734693876,19598271,21.42999160318538,141652,128759,12893,6.569916295167059,9.101883489114167,21.917059727685736
3,social_media,17600,156496.0448215909,12725.293513850836,223965165.84377474,social_media,0.00447628164556962,210.29018987341772,15816226,17.29446390317198,129710,117866,11844,7.4522202704994225,9.131138694009714,20.06287841520521
4,email_campaign,10654,155500.90484606722,12545.317029097969,133657807.62800977,email_campaign,0.0044584356435643565,213.22059405940593,12792670,13.988316146986715,77572,70440,7132,5.506278204628119,9.19403908626824,11.990134182606136
5,organic_search,24932,153819.1839868442,12507.523700449365,311837580.89960355,organic_search,0.004504238532110092,211.15394495412843,27196976,29.73889723802851,181495,164752,16743,6.057732300826386,9.225047521970302,28.043705094445286
